Province/State,Country/Region,4/1/2020,4/2/2020,4/3/2020,4/4/2020,4/5/2020,4/6/2020,4/7/2020,4/8/2020,4/9/2020,4/10/2020,4/11/2020,4/12/2020,4/13/2020,4/14/2020,4/15/2020,4/16/2020,4/17/2020,4/18/2020,4/19/2020,4/20/2020,4/21/2020,4/22/2020,4/23/2020,4/24/2020,4/25/2020,4/26/2020,4/27/2020,4/28/2020,4/29/2020,4/30/2020,5/1/2020
,Afghanistan,197,240,275,300,338,368,424,445,485,532,556,608,666,715,785,841,907,934,997,1027,1093,1177,1236,1331,1464,1532,1704,1830,1940,2127,2291
,Albania,259,277,304,333,361,377,383,400,409,416,433,446,467,475,494,518,539,548,562,584,609,634,663,678,712,726,736,750,766,773,782
,Algeria,847,986,1171,1251,1320,1423,1468,1572,1666,1761,1825,1914,1983,2070,2160,2268,2418,2534,2629,2718,2811,2910,3007,3127,3256,3382,3517,3649,3848,4006,4154
,Andorra,390,428,439,466,501,525,545,564,583,601,601,638,646,659,673,673,696,704,713,717,717,723,723,731,738,738,743,743,743,745,745
,Angola,8,8,8,10,14,16,17,19,19,19,19,19,19,19,19,19,19,24,24,24,24,25,25,25,25,26,27,27,27,27,30
,Antigua and Barbuda,7,9,15,15,15,15,19,19,19,19,21,21,23,23,23,23,23,23,23,23,23,24,24,24,24,24,24,24,24,24,25
,Argentina,1054,1133,1265,1451,1451,1554,1628,1715,1795,1975,1975,2142,2208,2277,2443,2571,2669,2758,2839,2941,3031,3144,3435,3607,3780,3892,4003,4127,4285,4428,4532
,Armenia,571,663,736,770,822,833,853,881,921,937,967,1013,1039,1067,1111,1159,1201,1248,1291,1339,1401,1473,1523,1596,1677,1746,1808,1867,1932,2066,2148
Australian Capital Territory,Australia,84,87,91,93,96,96,96,99,100,103,103,103,102,103,103,103,103,103,103,104,104,104,104,105,106,106,106,106,106,106,106
New South Wales,Australia,2182,2298,2389,2493,2580,2637,2686,2734,2773,2822,2857,2857,2863,2870,2886,2897,2926,2936,2957,2963,2969,2971,2976,2982,2994,3002,3004,3016,3016,3025,3030
Northern Territory,Australia,19,21,22,26,27,28,28,28,28,28,28,28,28,28,28,28,28,28,28,28,28,28,28,28,28,28,28,28,28,28,27
Queensland,Australia,781,835,873,900,907,921,934,943,953,965,974,983,987,998,999,1001,1007,1015,1019,1019,1024,1024,1026,1026,1026,1030,1033,1034,1033,1033,1034
South Australia,Australia,367,367,396,407,407,411,411,415,420,428,429,429,429,433,433,433,435,435,435,435,437,438,438,438,438,438,438,438,438,438,438
Tasmania,Australia,69,72,74,80,82,86,89,98,111,122,133,133,144,165,165,169,180,188,195,200,201,205,207,207,207,212,214,218,219,221,221
Victoria,Australia,968,1036,1085,1115,1135,1158,1191,1212,1228,1241,1265,1268,1281,1291,1299,1299,1302,1319,1328,1329,1336,1336,1337,1343,1346,1349,1349,1354,1361,1364,1371
Western Australia,Australia,392,400,400,436,453,460,460,481,495,506,514,514,517,527,527,532,541,544,545,545,546,546,546,548,549,549,549,550,551,551,551
,Austria,10711,11129,11524,11781,12051,12297,12639,12942,13244,13555,13806,13945,14041,14226,14336,14476,14595,14671,14749,14795,14873,14925,15002,15071,15148,15225,15274,15357,15402,15452,15531
,Azerbaijan,359,400,443,521,584,641,717,822,926,991,1058,1098,1148,1197,1253,1283,1340,1373,1398,1436,1480,1518,1548,1592,1617,1645,1678,1717,1766,1804,1854
,Bahamas,21,24,24,28,28,29,33,40,41,42,46,46,47,49,49,53,54,55,55,60,65,65,72,73,78,80,80,80,80,81,81
,Bahrain,569,643,672,688,700,756,811,823,887,925,1040,1136,1361,1528,1671,1700,1740,1773,1881,1907,1973,2027,2217,2518,2588,2647,2723,2811,2921,3040,3170
,Bangladesh,54,56,61,70,88,123,164,218,330,424,482,621,803,1012,1231,1572,1838,2144,2456,2948,3382,3772,4186,4689,4998,5416,5913,6462,7103,7667,8238
,Barbados,34,46,51,52,56,60,63,63,66,67,68,71,72,72,73,75,75,75,75,75,75,75,76,77,79,79,80,80,80,81,81
,Belarus,163,304,351,440,562,700,861,1066,1486,1981,2226,2578,2919,3281,3728,4204,4779,5297,5807,6264,6723,7281,8022,8773,9590,10463,11289,12208,13181,14027,14917
,Belgium,13964,15348,16770,18431,19691,20814,22194,23403,24983,26667,28018,29647,30589,31119,33573,34809,36138,37183,38496,39983,40956,41889,42797,44293,45325,46134,46687,47334,47859,48519,49032
,Belize,3,3,4,4,5,7,7,8,9,10,13,14,18,18,18,18,18,18,18,18,18,18,18,18,18,18,18,18,18,18,18
,Benin,13,13,16,16,22,26,26,26,26,35,35,35,35,35,35,35,35,35,35,54,54,54,54,54,54,64,64,64,64,64,90
,Bhutan,4,5,5,5,5,5,5,5,5,5,5,5,5,5,5,5,5,5,5,5,6,6,7,7,7,7,7,7,7,7,7
,Bolivia,115,123,132,139,157,183,194,210,264,268,275,300,330,354,397,441,465,493,520,564,598,609,703,807,866,950,1014,1053,1110,1167,1229
,Bosnia and Herzegovina,459,533,579,624,654,674,764,804,858,901,946,1009,1037,1083,1110,1167,1214,1268,1285,1309,1342,1368,1413,1421,1486,1516,1565,1585,1677,1757,1781
,Botswana,4,4,4,4,6,6,6,6,13,13,13,13,13,13,13,15,15,15,20,20,20,22,22,22,22,22,22,23,23,23,23
,Brazil,6836,8044,9056,10360,11130,12161,14034,16170,18092,19638,20727,22192,23430,25262,28320,30425,33682,36658,38654,40743,43079,45757,50036,54043,59324,63100,67446,73235,79685,87187,92202
,Brunei,131,133,134,135,135,135,135,135,135,136,136,136,136,136,136,136,136,137,138,138,138,138,138,138,138,138,138,138,138,138,138
,Bulgaria,422,457,485,503,531,549,577,593,618,635,661,675,685,713,747,800,846,878,894,929,975,1024,1097,1234,1247,1300,1363,1399,1447,1506,1555
,Burkina Faso,282,288,302,318,345,364,384,414,443,443,484,497,497,528,542,546,557,565,576,581,600,609,616,629,629,632,635,638,641,645,649
,Burma,15,20,20,21,21,22,22,22,23,27,38,41,62,63,74,85,88,98,111,119,121,123,139,144,146,146,146,150,150,151,151
,Burundi,2,3,3,3,3,3,3,3,3,3,5,5,5,5,5,5,5,5,5,5,5,11,11,11,11,11,11,11,11,11,11
,Cabo Verde,6,6,6,7,7,7,7,7,7,7,8,8,10,11,56,56,56,58,61,67,68,73,82,88,90,106,109,114,114,121,122
,Cambodia,109,110,114,114,114,114,115,117,119,119,120,122,122,122,122,122,122,122,122,122,122,122,122,122,122,122,122,122,122,122,122
,Cameroon,233,306,509,555,650,658,658,730,730,820,820,820,820,848,848,996,996,1017,1017,1163,1163,1163,1334,1430,1518,1621,1705,1705,1832,1832,1832
Alberta,Canada,754,969,969,1075,1181,1250,1373,1373,1423,1451,1567,1567,1732,1870,1870,1996,2397,2562,2803,2908,3095,3401,3720,4017,4233,4480,4696,4850,5165,5355,5573
British Columbia,Canada,1013,1121,1174,1203,1203,1266,1266,1291,1336,1370,1445,1445,1490,1490,1517,1561,1575,1618,1647,1647,1724,1795,1824,1853,1948,1948,1998,2053,2087,2112,2145
Diamond Princess,Canada,0,0,0,0,0,0,0,0,0,0,0,0,0,0,0,0,0,0,0,0,0,0,0,0,0,0,0,0,0,0,1
Grand Princess,Canada,13,13,13,13,13,13,13,13,13,13,13,13,13,13,13,13,13,13,13,13,13,13,13,13,13,13,13,13,13,13,13
Manitoba,Canada,127,167,182,182,203,203,217,217,221,230,243,242,246,246,246,250,250,253,254,254,255,257,262,263,267,271,273,273,275,277,281
New Brunswick,Canada,81,91,91,91,98,103,105,105,108,112,112,114,116,116,117,117,117,117,118,118,118,118,118,118,118,118,118,118,118,118,118
Newfoundland and Labrador,Canada,175,183,195,195,217,226,228,228,232,239,241,242,244,244,247,252,256,257,257,257,257,256,256,256,257,258,258,258,258,258,259
Northwest Territories,Canada,2,2,2,4,4,5,5,5,5,5,5,5,5,5,5,5,5,5,5,5,5,5,5,5,5,5,5,5,5,5,5
Nova Scotia,Canada,173,193,207,236,262,293,310,310,342,407,428,445,474,517,549,579,606,649,675,721,737,772,827,850,865,873,900,915,935,947,959
Nunavut,Canada,0,0,0,0,0,0,0,0,0,0,0,0,0,0,0,0,0,0,0,0,0,0,0,0,0,0,0,0,0,0,0
Ontario,Canada,2392,2793,3255,3630,4354,4347,4726,5276,5759,6237,6648,7049,7470,7953,8447,9840,10456,11013,11561,12063,12715,13718,14068,14550,15012,15568,15970,16500,16978,17395,17880
Prince Edward Island,Canada,21,22,22,22,22,22,22,25,25,25,25,25,25,25,26,26,26,26,26,26,26,26,26,26,26,26,26,27,27,27,27
Quebec,Canada,4611,5518,6101,6101,7944,8580,9340,10031,10912,11677,12292,12846,13557,14248,14860,15857,16798,17521,17950,19319,20126,20965,21838,22616,23267,24109,24983,25761,26610,27550,28656
Repatriated Travellers,Canada,0,0,0,0,0,0,0,0,0,0,0,0,0,0,0,0,0,0,0,0,0,0,0,0,0,0,0,0,0,0,0
Saskatchewan,Canada,193,206,220,220,249,249,260,260,271,285,289,298,300,300,304,305,307,313,315,316,320,326,331,341,349,353,365,366,383,389,415
Yukon,Canada,5,6,6,6,6,6,7,7,7,8,8,8,8,8,8,8,8,9,9,11,11,11,11,11,11,11,11,11,11,11,11
,Central African Republic,3,3,8,8,8,8,8,8,8,8,8,8,11,11,12,12,12,12,12,12,14,14,16,16,16,19,19,50,50,50,72
,Chad,7,8,8,9,9,9,10,10,11,11,11,18,23,23,23,27,27,33,33,33,33,33,33,40,46,46,46,52,52,73,73
,Chile,3137,3510,3843,4355,4665,5009,5310,5740,6166,6695,7366,7652,7964,8356,8712,9246,9691,10598,10956,11375,11700,12164,12680,13174,14537,15010,15492,16044,16564,17702,18687
Anhui,China,990,990,990,990,990,990,990,990,991,991,991,991,991,991,991,991,991,991,991,991,991,991,991,991,991,991,991,991,991,991,991
Beijing,China,580,582,584,585,586,587,587,588,588,588,589,589,589,589,590,593,593,593,593,593,593,593,593,593,593,593,593,593,593,593,593
Chongqing,China,579,579,579,579,579,579,579,579,579,579,579,579,579,579,579,579,579,579,579,579,579,579,579,579,579,579,579,579,579,579,579
Fujian,China,345,345,349,350,350,350,351,351,351,351,351,352,352,353,353,353,354,355,355,355,355,355,355,355,355,355,355,355,355,356,356
Gansu,China,138,138,138,138,138,139,139,139,139,139,139,139,139,139,139,139,139,139,139,139,139,139,139,139,139,139,139,139,139,139,139
Guangdong,China,1501,1507,1514,1516,1524,1532,1533,1536,1539,1544,1548,1552,1555,1564,1566,1571,1577,1579,1580,1581,1582,1582,1585,1585,1586,1587,1587,1588,1588,1588,1588
Guangxi,China,254,254,254,254,254,254,254,254,254,254,254,254,254,254,254,254,254,254,254,254,254,254,254,254,254,254,254,254,254,254,254
Guizhou,China,146,146,146,146,146,146,146,146,146,146,146,146,146,146,146,146,146,146,147,147,147,147,147,147,147,147,147,147,147,147,147
Hainan,China,168,168,168,168,168,168,168,168,168,168,168,168,168,168,168,168,168,168,168,168,168,168,168,168,168,168,168,168,168,168,168
Hebei,China,323,325,326,326,327,327,327,327,327,327,327,327,327,327,327,328,328,328,328,328,328,328,328,328,328,328,328,328,328,328,328
Heilongjiang,China,484,488,489,491,504,524,544,569,609,638,661,684,740,819,841,861,872,892,898,905,913,921,928,930,935,936,939,939,939,944,944
Henan,China,1276,1276,1276,1276,1276,1276,1276,1276,1276,1276,1276,1276,1276,1276,1276,1276,1276,1276,1276,1276,1276,1276,1276,1276,1276,1276,1276,1276,1276,1276,1276
Hong Kong,China,765,802,845,862,890,914,935,960,973,989,1000,1004,1009,1012,1017,1017,1021,1024,1025,1025,1029,1033,1035,1035,1037,1037,1037,1037,1037,1037,1039
Hubei,China,67802,67802,67802,67803,67803,67803,67803,67803,67803,67803,67803,67803,67803,67803,67803,67803,68128,68128,68128,68128,68128,68128,68128,68128,68128,68128,68128,68128,68128,68128,68128
Hunan,China,1018,1019,1019,1019,1019,1019,1019,1019,1019,1019,1019,1019,1019,1019,1019,1019,1019,1019,1019,1019,1019,1019,1019,1019,1019,1019,1019,1019,1019,1019,1019
Inner Mongolia,China,111,117,117,117,117,118,121,124,126,128,155,189,190,190,190,193,193,193,193,194,194,194,194,197,198,198,199,199,200,201,201
Jiangsu,China,646,647,651,651,651,651,651,651,651,651,652,653,653,653,653,653,653,653,653,653,653,653,653,653,653,653,653,653,653,653,653
Jiangxi,China,937,937,937,937,937,937,937,937,937,937,937,937,937,937,937,937,937,937,937,937,937,937,937,937,937,937,937,937,937,937,937
Jilin,China,98,98,98,98,98,98,98,98,98,98,98,99,100,100,102,102,102,102,104,104,106,106,108,109,109,110,110,110,111,111,112
Liaoning,China,140,141,141,141,142,142,144,144,144,144,145,145,145,145,145,145,146,146,146,146,146,146,146,146,146,146,146,146,146,146,146
Macau,China,41,41,43,43,44,44,44,45,45,45,45,45,45,45,45,45,45,45,45,45,45,45,45,45,45,45,45,45,45,45,45
Ningxia,China,75,75,75,75,75,75,75,75,75,75,75,75,75,75,75,75,75,75,75,75,75,75,75,75,75,75,75,75,75,75,75
Qinghai,China,18,18,18,18,18,18,18,18,18,18,18,18,18,18,18,18,18,18,18,18,18,18,18,18,18,18,18,18,18,18,18
Shaanxi,China,255,255,255,256,256,256,256,256,256,256,256,256,256,256,256,256,256,256,256,256,277,279,279,286,286,286,286,306,306,306,306
Shandong,China,774,775,778,778,779,780,781,783,783,783,784,784,784,784,784,784,787,787,787,787,787,787,787,787,787,787,787,787,787,787,787
Shanghai,China,516,522,526,529,531,536,538,543,552,555,555,607,618,618,622,628,628,628,635,638,638,639,641,641,642,642,644,645,647,652,652
Shanxi,China,137,137,137,137,138,138,138,163,166,168,172,172,173,173,186,194,197,197,197,197,197,197,197,197,197,197,197,197,197,197,197
Sichuan,China,552,554,555,557,558,559,560,560,560,560,560,560,560,560,560,560,560,561,561,561,561,561,561,561,561,561,561,561,561,561,561
Tianjin,China,176,176,180,180,180,180,180,180,182,183,183,183,184,185,185,186,189,189,189,189,189,189,189,190,190,190,190,190,190,190,190
Tibet,China,1,1,1,1,1,1,1,1,1,1,1,1,1,1,1,1,1,1,1,1,1,1,1,1,1,1,1,1,1,1,1
Unknown,China,0,0,0,0,0,0,0,0,0,0,0,0,0,0,0,0,0,0,0,0,0,0,0,0,0,0,0,0,0,0,0
Xinjiang,China,76,76,76,76,76,76,76,76,76,76,76,76,76,76,76,76,76,76,76,76,76,76,76,76,76,76,76,76,76,76,76
Yunnan,China,182,183,184,184,184,184,184,184,184,184,184,184,184,184,184,184,184,184,184,184,184,184,184,185,185,185,185,185,185,185,185
Zhejiang,China,1257,1258,1260,1262,1263,1264,1265,1266,1267,1267,1267,1267,1267,1267,1268,1268,1268,1268,1268,1268,1268,1268,1268,1268,1268,1268,1268,1268,1268,1268,1268
,Colombia,1065,1161,1267,1406,1485,1579,1780,2054,2223,2473,2709,2776,2852,2979,3105,3233,3439,3621,3792,3977,4149,4356,4561,4881,5142,5379,5597,5949,6207,6507,7006
,Comoros,0,0,0,0,0,0,0,0,0,0,0,0,0,0,0,0,0,0,0,0,0,0,0,0,0,0,0,0,0,1,1
,Congo (Brazzaville),19,22,22,22,45,45,45,45,60,60,60,60,60,60,117,117,143,143,143,160,165,186,186,200,200,200,200,207,207,220,229
,Congo (Kinshasa),109,134,134,154,154,161,180,180,180,215,223,234,235,241,254,267,287,307,327,332,350,359,377,394,416,442,459,471,491,572,604
,Costa Rica,375,396,416,435,454,467,483,502,539,558,577,595,612,618,626,642,649,655,660,662,669,681,686,687,693,695,697,705,713,719,725
,Cote d'Ivoire,190,194,218,245,261,323,349,384,444,444,533,574,626,638,638,654,688,801,847,847,916,952,1004,1077,1077,1150,1164,1183,1238,1275,1333
,Croatia,963,1011,1079,1126,1182,1222,1282,1343,1407,1495,1534,1600,1650,1704,1741,1791,1814,1832,1871,1881,1908,1950,1981,2009,2016,2030,2039,2047,2062,2076,2085
,Cuba,212,233,269,288,320,350,396,457,515,564,620,669,726,766,814,862,923,986,1035,1087,1137,1189,1235,1285,1337,1369,1389,1437,1467,1501,1537
,Cyprus,320,356,396,426,446,465,494,526,564,595,616,633,662,695,715,735,750,761,767,772,784,790,795,804,810,817,822,837,843,850,857
,Czechia,3508,3858,4091,4472,4587,4822,5017,5312,5569,5732,5831,5991,6059,6111,6216,6433,6549,6606,6746,6900,7033,7132,7187,7273,7352,7404,7445,7504,7579,7682,7737
Faroe Islands,Denmark,173,177,179,181,181,183,184,184,184,184,184,184,184,184,184,184,184,184,185,185,185,185,187,187,187,187,187,187,187,187,187
Greenland,Denmark,10,10,10,11,11,11,11,11,11,11,11,11,11,11,11,11,11,11,11,11,11,11,11,11,11,11,11,11,11,11,11
,Denmark,3107,3386,3757,4077,4369,4681,5071,5402,5635,5819,5996,6174,6318,6511,6681,6879,7073,7242,7384,7515,7695,7912,8073,8210,8445,8575,8698,8851,9008,9158,9311
,Diamond Princess,712,712,712,712,712,712,712,712,712,712,712,712,712,712,712,712,712,712,712,712,712,712,712,712,712,712,712,712,712,712,712
,Djibouti,33,40,49,50,59,90,90,135,135,150,187,214,298,363,435,591,732,732,846,846,945,974,986,999,1008,1023,1035,1072,1077,1089,1097
,Dominica,12,12,12,14,14,15,15,15,15,16,16,16,16,16,16,16,16,16,16,16,16,16,16,16,16,16,16,16,16,16,16
,Dominican Republic,1284,1380,1488,1488,1745,1828,1956,2111,2349,2620,2759,2967,3167,3286,3614,3755,4126,4335,4680,4964,5044,5300,5543,5749,5926,6135,6293,6416,6652,6972,7288
,Ecuador,2748,3163,3368,3465,3646,3747,3747,4450,4965,7161,7257,7466,7529,7603,7858,8225,8450,9022,9468,10128,10398,10850,11183,22719,22719,22719,23240,24258,24675,24934,26336
,Egypt,779,865,985,1070,1173,1322,1450,1560,1699,1794,1939,2065,2190,2350,2505,2673,2844,3032,3144,3333,3490,3659,3891,4092,4319,4534,4782,5042,5268,5537,5895
,El Salvador,32,41,46,56,62,69,78,93,103,117,118,125,137,149,159,164,177,190,201,218,225,237,250,274,274,298,323,345,377,395,424
,Equatorial Guinea,15,15,16,16,16,16,16,18,18,18,18,21,21,41,51,51,79,79,79,79,83,84,84,214,258,258,258,315,315,315,315
,Eritrea,15,22,22,29,29,31,31,33,33,34,34,34,34,34,35,35,35,39,39,39,39,39,39,39,39,39,39,39,39,39,39
,Estonia,779,858,961,1039,1097,1108,1149,1185,1207,1258,1304,1309,1332,1373,1400,1434,1459,1512,1528,1535,1552,1559,1592,1605,1635,1643,1647,1660,1666,1689,1694
,Eswatini,9,9,9,9,9,10,10,12,12,12,12,14,15,15,15,16,16,22,22,24,31,31,31,36,56,59,65,71,91,100,106
,Ethiopia,29,29,35,38,43,44,52,55,56,65,69,71,74,82,85,92,96,105,108,111,114,116,116,117,122,123,124,126,130,131,133
,Fiji,5,7,7,12,12,14,15,15,15,16,16,16,16,16,16,17,17,17,17,18,18,18,18,18,18,18,18,18,18,18,18
,Finland,1446,1518,1615,1882,1927,2176,2308,2487,2605,2769,2905,2974,3064,3161,3237,3369,3489,3681,3783,3868,4014,4129,4284,4395,4475,4576,4695,4740,4906,4995,5051
French Guiana,France,51,51,57,61,61,72,72,77,83,83,83,86,86,86,86,86,96,96,96,97,97,97,107,111,111,111,111,125,125,126,128
French Polynesia,France,37,37,39,40,41,42,47,51,51,51,51,53,55,55,55,55,55,55,55,56,56,57,57,57,57,57,57,58,58,58,58
Guadeloupe,France,125,128,130,134,135,135,139,141,141,143,143,143,143,145,145,145,145,148,148,148,148,148,148,149,149,149,149,149,149,151,152
Martinique,France,135,138,143,145,149,151,152,154,154,155,155,155,157,157,158,158,158,158,163,163,163,164,164,170,175,175,175,175,175,178,179
Mayotte,France,94,116,128,134,147,147,171,171,184,191,196,196,207,217,217,233,245,254,271,271,311,326,326,354,380,401,401,460,460,539,539
New Caledonia,France,16,18,18,17,18,18,18,18,18,18,18,18,18,18,18,18,18,18,18,18,18,18,18,18,18,18,18,18,18,18,18
Reunion,France,281,308,321,334,344,349,358,358,362,382,388,389,391,391,391,394,402,407,408,408,410,410,412,412,417,417,418,418,420,420,422
Saint Barthelemy,France,6,6,6,6,6,6,6,6,6,6,6,6,6,6,6,6,6,6,6,6,6,6,6,6,6,6,6,6,6,6,6
Saint Pierre and Miquelon,France,0,0,0,0,1,1,1,1,1,1,1,1,1,1,1,1,1,1,1,1,1,1,1,1,1,1,1,1,1,1,1
St Martin,France,15,22,22,24,32,32,32,32,32,32,32,32,32,32,35,35,35,37,37,37,37,38,38,38,38,38,38,38,38,38,38
Wallis and Futuna,France,0,0,0,0,0,0,0,0,0,0,0,0,0,0,0,0,0,0,0,0,0,0,0,0,0,0,0,0,0,0,0
,France,56362,58404,63588,46483,47299,49934,46400,50242,54003,55538,56972,107712,110836,128272,131476,144035,145896,149683,150752,153197,155821,157603,155881,158653,160295,160907,164592,167650,166193,167326,167846
,Gabon,18,21,21,21,21,24,30,34,44,44,46,49,57,57,80,80,108,108,109,120,156,166,167,172,176,176,211,238,276,276,276
,Gambia,4,4,4,4,4,4,4,4,4,4,9,9,9,9,9,9,9,9,10,10,10,10,10,10,10,10,10,10,10,11,12
,Georgia,117,134,155,162,174,188,196,211,218,234,242,257,272,300,306,348,370,388,394,402,408,416,425,444,456,486,497,511,517,539,566
,Germany,77872,84794,91159,96092,100123,103374,107663,113296,118181,122171,124908,127854,130072,131359,134753,137698,141397,143342,145184,147065,148291,150648,153129,154999,156513,157770,158758,159912,161539,163009,164077
,Ghana,195,204,205,205,214,214,287,313,378,378,408,566,566,636,636,641,641,834,1042,1042,1042,1154,1154,1279,1279,1550,1550,1671,1671,2074,2074
,Greece,1415,1544,1613,1673,1735,1755,1832,1884,1955,2011,2081,2114,2145,2170,2192,2207,2224,2235,2235,2245,2401,2408,2463,2490,2506,2517,2534,2566,2576,2591,2612
,Grenada,9,10,12,12,12,12,12,12,12,14,14,14,14,14,14,14,14,14,14,14,14,15,15,15,18,18,18,19,20,20,20
,Guatemala,39,47,50,61,61,70,77,87,95,126,137,155,156,167,180,196,214,235,257,289,294,316,384,430,473,500,530,530,557,599,644
,Guinea,30,52,73,111,121,128,144,164,194,212,250,250,319,363,404,438,477,518,579,622,688,761,862,954,996,996,1163,1240,1351,1495,1537
,Guinea-Bissau,9,9,15,18,18,18,33,33,36,36,38,38,38,38,43,43,43,46,50,50,50,50,50,52,52,53,73,73,205,205,257
,Guyana,19,19,23,23,24,31,33,37,37,37,45,45,45,47,55,55,63,63,65,65,66,67,70,73,73,74,74,74,78,82,82
,Haiti,15,16,16,18,18,21,24,25,27,30,30,31,31,40,40,41,41,43,44,44,47,57,58,62,72,72,72,74,76,76,76
,Holy See,6,7,7,7,7,7,7,8,8,8,8,8,8,8,8,8,8,8,8,9,9,9,9,9,9,9,9,10,10,11,11
,Honduras,172,219,222,264,268,298,305,312,343,382,392,393,397,407,419,426,442,457,472,477,494,510,519,591,627,627,661,702,738,771,804
,Hungary,525,585,623,678,733,744,817,895,980,1190,1310,1410,1458,1512,1579,1652,1763,1834,1916,1984,2098,2168,2284,2443,2443,2500,2583,2649,2727,2775,2863
,Iceland,1220,1319,1364,1417,1486,1562,1586,1616,1648,1675,1689,1701,1711,1720,1727,1739,1754,1760,1771,1773,1778,1785,1789,1789,1790,1792,1792,1795,1797,1797,1798
,India,1998,2543,2567,3082,3588,4778,5311,5916,6725,7598,8446,9205,10453,11487,12322,13430,14352,15722,17615,18539,20080,21370,23077,24530,26283,27890,29451,31324,33062,34863,37257
,Indonesia,1677,1790,1986,2092,2273,2491,2738,2956,3293,3512,3842,4241,4557,4839,5136,5516,5923,6248,6575,6760,7135,7418,7775,8211,8607,8882,9096,9511,9771,10118,10551
,Iran,47593,50468,53183,55743,58226,60500,62589,64586,66220,68192,70029,71686,73303,74877,76389,77995,79494,80868,82211,83505,84802,85996,87026,88194,89328,90481,91472,92584,93657,94640,95646
,Iraq,728,772,820,878,961,1031,1122,1202,1232,1279,1318,1352,1378,1400,1415,1434,1482,1513,1539,1574,1602,1631,1677,1708,1763,1820,1847,1928,2003,2085,2153
,Ireland,3447,3849,4273,4604,4994,5364,5709,6074,6574,8089,8928,9655,10647,11479,12547,13271,13980,14758,15251,15652,16040,16671,17607,18184,18561,19262,19648,19877,20253,20612,20833
,Israel,6413,7132,7729,8157,8740,9191,9568,9906,10249,10607,10952,11504,11942,12341,12652,12948,13246,13537,13813,14112,14394,14619,14895,15143,15302,15385,15513,15672,15754,15896,16012
,Italy,110574,115242,119827,124632,128948,132547,135586,139422,143626,147577,152271,156363,159516,162488,165155,168941,172434,175925,178972,181228,183957,187327,189973,192994,195351,197675,199414,201505,203591,205463,207428
,Jamaica,44,47,47,53,58,58,63,63,63,63,65,69,73,73,125,143,143,163,173,223,223,233,257,288,305,350,364,364,396,422,432
,Japan,2535,2818,3154,3525,3876,4110,4485,5020,5614,6250,6951,7473,7773,8277,8835,9398,9958,10548,10914,11258,11641,12037,12469,12854,13186,13405,13576,13860,14076,14284,14558
,Jordan,278,299,310,323,345,349,353,358,372,372,381,389,391,397,401,402,407,413,417,425,428,435,437,441,444,447,449,449,451,453,459
,Kazakhstan,380,435,464,531,584,662,697,727,781,812,865,951,1091,1232,1295,1402,1546,1615,1676,1852,1995,2135,2289,2482,2601,2717,2835,3027,3138,3402,3597
,Kenya,81,110,122,126,142,158,172,179,184,189,191,197,208,216,225,234,246,262,270,281,296,303,320,336,343,355,363,374,384,396,411
,"Korea, South",9887,9976,10062,10156,10237,10284,10331,10384,10423,10450,10480,10512,10537,10564,10591,10613,10635,10653,10661,10674,10683,10694,10708,10718,10728,10738,10752,10761,10765,10774,10780
,Kosovo,112,125,126,135,140,145,165,184,224,227,250,283,362,377,387,423,449,480,510,561,598,604,630,669,703,731,763,780,790,799,806
,Kuwait,317,342,417,479,556,665,743,855,910,993,1154,1234,1300,1355,1405,1524,1658,1751,1915,1995,2080,2248,2399,2614,2892,3075,3288,3440,3740,4024,4377
,Kyrgyzstan,111,116,130,144,147,216,228,270,280,298,339,377,419,430,449,466,489,506,554,568,590,612,631,665,665,682,695,708,729,746,756
,Laos,10,10,10,10,11,12,14,15,16,16,18,19,19,19,19,19,19,19,19,19,19,19,19,19,19,19,19,19,19,19,19
,Latvia,446,458,493,509,533,542,548,577,589,612,630,651,655,657,666,675,682,712,727,739,748,761,778,784,804,812,818,836,849,858,870
,Lebanon,479,494,508,520,527,541,548,576,582,609,619,630,632,641,658,663,668,672,673,677,677,682,688,696,704,707,710,717,721,725,729
,Lesotho,0,0,0,0,0,0,0,0,0,0,0,0,0,0,0,0,0,0,0,0,0,0,0,0,0,0,0,0,0,0,0
,Liberia,6,6,7,10,13,14,14,31,31,37,48,50,59,59,59,59,76,76,91,99,101,101,101,117,120,124,124,141,141,141,152
,Libya,10,11,11,18,18,19,20,21,24,24,24,25,26,35,48,49,49,49,51,51,51,59,60,61,61,61,61,61,61,61,63
,Liechtenstein,68,75,76,77,77,77,78,78,78,79,79,79,79,79,79,79,79,79,81,81,81,81,81,81,81,82,82,82,82,82,82
,Lithuania,512,579,631,683,716,750,783,821,858,896,926,952,970,977,995,1022,1050,1091,1153,1173,1226,1250,1272,1291,1301,1316,1328,1337,1364,1375,1389
,Luxembourg,2319,2487,2612,2729,2804,2843,2970,3034,3115,3223,3270,3281,3292,3307,3373,3444,3480,3537,3550,3558,3618,3654,3665,3695,3711,3723,3729,3741,3769,3784,3802
,MS Zaandam,9,9,9,9,9,9,9,9,9,9,9,9,9,9,9,9,9,9,9,9,9,9,9,9,9,9,9,9,9,9,9
,Madagascar,57,59,70,70,72,82,88,93,93,93,102,106,106,108,110,111,117,120,121,121,121,121,121,122,123,124,128,128,128,128,132
,Malawi,0,3,3,4,4,5,8,8,8,9,12,13,16,16,16,16,17,17,17,17,18,23,33,33,33,34,36,36,36,37,37
,Malaysia,2908,3116,3333,3483,3662,3793,3963,4119,4228,4346,4530,4683,4817,4987,5072,5182,5251,5305,5389,5425,5482,5532,5603,5691,5742,5780,5820,5851,5945,6002,6071
,Maldives,19,19,19,19,19,19,19,19,19,19,19,20,20,20,22,25,28,35,52,69,83,86,108,129,177,214,226,250,278,468,491
,Mali,31,36,39,41,45,47,56,59,74,87,87,105,123,144,148,171,171,216,224,246,258,293,309,325,370,389,408,424,482,490,508
,Malta,188,196,202,213,227,241,293,299,337,350,370,378,384,393,399,412,422,426,427,431,443,444,445,447,448,448,450,458,463,465,467
,Marshall Islands,0,0,0,0,0,0,0,0,0,0,0,0,0,0,0,0,0,0,0,0,0,0,0,0,0,0,0,0,0,0,0
,Mauritania,6,6,6,6,6,6,6,6,7,7,7,7,7,7,7,7,7,7,7,7,7,7,7,7,7,7,7,7,8,8,8
,Mauritius,161,169,186,196,227,244,268,273,314,318,319,324,324,324,324,324,324,325,328,328,328,329,331,331,331,332,334,334,332,332,332
,Mexico,1378,1510,1688,1890,2143,2439,2785,3181,3441,3844,4219,4661,5014,5399,5847,6297,6875,7497,8261,8772,9501,10544,11633,12872,13842,14677,15529,16752,17799,19224,20739
,Micronesia,0,0,0,0,0,0,0,0,0,0,0,0,0,0,0,0,0,0,0,0,0,0,0,0,0,0,0,0,0,0,0
,Moldova,423,505,591,752,864,965,1056,1174,1289,1438,1560,1662,1712,1934,2049,2154,2264,2378,2472,2548,2614,2778,2926,3110,3304,3408,3481,3638,3771,3897,3980
,Monaco,55,60,64,66,73,77,79,81,84,90,92,93,93,93,93,93,94,94,94,94,94,94,94,94,94,94,95,95,95,95,95
,Mongolia,14,14,14,14,14,15,15,16,16,16,16,16,17,30,30,31,31,31,32,33,34,35,36,37,37,38,38,38,38,38,38
,Montenegro,123,144,174,201,214,233,241,248,252,255,263,272,274,283,288,303,303,307,308,312,313,315,316,319,320,321,321,321,322,322,322
,Morocco,654,708,791,919,1021,1120,1184,1275,1374,1448,1545,1661,1763,1888,2024,2283,2564,2685,2855,3046,3209,3446,3568,3758,3897,4065,4120,4252,4321,4423,4569
,Mozambique,10,10,10,10,10,10,10,17,17,20,20,21,21,28,29,31,34,35,39,39,39,41,46,65,70,76,76,76,76,76,79
,Namibia,14,14,14,14,16,16,16,16,16,16,16,16,16,16,16,16,16,16,16,16,16,16,16,16,16,16,16,16,16,16,16
,Nepal,5,6,6,9,9,9,9,9,9,9,9,12,14,16,16,16,30,31,31,31,43,45,48,49,49,52,52,54,57,57,59
Aruba,Netherlands,55,60,62,64,64,71,74,77,82,86,92,92,92,92,93,95,96,96,97,97,97,100,100,100,100,100,100,100,100,100,100
"Bonaire, Sint Eustatius and Saba",Netherlands,0,2,2,2,2,2,2,2,2,2,2,3,3,3,3,3,3,3,5,5,5,5,5,5,5,5,5,5,5,5,6
Curacao,Netherlands,11,11,11,11,11,13,13,14,14,14,14,14,14,14,14,14,14,14,14,14,14,14,14,16,16,16,16,16,16,16,16
Sint Maarten,Netherlands,16,18,23,23,25,37,40,40,43,50,50,50,50,52,53,57,57,64,67,67,67,71,73,73,73,74,74,75,75,75,76
,Netherlands,13614,14697,15723,16627,17851,18803,19580,20549,21762,23097,24413,25587,26551,27419,28153,29214,30449,31589,32655,33405,34134,34842,35729,36535,37190,37845,38245,38416,38802,39316,39791
,New Zealand,708,797,868,950,1039,1106,1160,1210,1239,1283,1312,1330,1349,1366,1386,1401,1409,1422,1431,1440,1445,1451,1456,1461,1470,1469,1472,1474,1476,1479,1485
,Nicaragua,5,5,5,5,6,6,6,6,7,7,8,9,9,9,9,9,9,9,10,10,10,10,11,11,12,13,13,13,13,14,14
,Niger,74,98,120,144,184,253,278,342,410,438,491,529,529,570,584,584,627,639,648,648,657,662,671,681,684,696,701,709,713,719,728
,Nigeria,174,184,210,214,232,238,254,276,288,305,318,323,343,373,407,442,493,542,627,665,665,873,981,1095,1182,1273,1337,1532,1728,1932,2170
,North Macedonia,354,384,430,483,555,570,599,617,663,711,760,828,854,908,974,1081,1117,1170,1207,1225,1231,1259,1300,1326,1367,1386,1399,1421,1442,1465,1494
,Norway,4863,5147,5370,5550,5687,5865,6086,6086,6211,6314,6409,6525,6603,6623,6740,6896,6937,7036,7078,7156,7191,7338,7401,7463,7499,7527,7599,7660,7710,7738,7783
,Oman,210,231,252,277,298,331,371,419,457,484,546,599,727,813,910,1019,1069,1180,1266,1410,1508,1614,1716,1790,1905,1998,2049,2131,2274,2348,2447
,Pakistan,2421,2686,2818,3157,3766,4035,4263,4489,4695,5011,5230,5496,5837,6383,6919,7025,7638,8348,8418,9565,10076,11155,11940,12723,13328,13915,14612,15525,16817,18114,19103
,Panama,1181,1317,1475,1673,1801,1988,2100,2249,2528,2752,2974,3234,3400,3472,3574,3751,4016,4210,4273,4467,4658,4821,5166,5338,5538,5779,6021,6021,6378,6532,6720
,Papua New Guinea,1,1,1,1,1,2,2,2,2,2,2,2,2,2,2,7,7,7,7,7,7,8,8,8,8,8,8,8,8,8,8
,Paraguay,69,77,92,96,104,113,115,119,124,129,133,134,147,159,161,174,199,202,206,208,208,213,213,223,228,228,228,239,239,266,333
,Peru,1323,1414,1595,1746,2281,2561,2954,4342,5256,5897,6848,7519,9784,10303,11475,12491,13489,14420,15628,16325,17837,19250,20914,21648,25331,27517,28699,31190,33931,36976,40459
,Philippines,2311,2633,3018,3094,3246,3660,3764,3870,4076,4195,4428,4648,4932,5223,5453,5660,5878,6087,6259,6459,6599,6710,6981,7192,7294,7579,7777,7958,8212,8488,8772
,Poland,2554,2946,3383,3627,4102,4413,4848,5205,5575,5955,6356,6674,6934,7202,7582,7918,8379,8742,9287,9593,9856,10169,10511,10892,11273,11617,11902,12218,12640,12877,13105
,Portugal,8251,9034,9886,10524,11278,11730,12442,13141,13956,15472,15987,16585,16934,17448,18091,18841,19022,19685,20206,20863,21379,21982,22353,22797,23392,23864,24027,24322,24505,25045,25351
,Qatar,835,949,1075,1325,1604,1832,2057,2210,2376,2512,2728,2979,3231,3428,3711,4103,4663,5008,5448,6015,6533,7141,7764,8525,9358,10287,11244,11921,12564,13409,14096
,Romania,2460,2738,3183,3613,3864,4057,4417,4761,5202,5467,5990,6300,6633,6879,7216,7707,8067,8418,8746,8936,9242,9710,10096,10417,10635,11036,11339,11616,11978,12240,12567
,Russia,2777,3548,4149,4731,5389,6343,7497,8672,10131,11917,13584,15770,18328,21102,24490,27938,32008,36793,42853,47121,52763,57999,62773,68622,74588,80949,87147,93558,99399,106498,114431
,Rwanda,82,84,89,102,104,105,105,110,110,118,120,126,127,134,136,138,143,144,147,147,150,153,154,176,183,191,207,212,225,243,249
,Saint Kitts and Nevis,8,9,9,9,10,10,11,11,11,12,12,12,12,14,14,14,14,14,14,15,15,15,15,15,15,15,15,15,15,15,15
,Saint Lucia,13,13,13,14,14,14,14,14,14,15,15,15,15,15,15,15,15,15,15,15,15,15,15,15,15,15,15,15,17,17,17
,Saint Vincent and the Grenadines,1,2,3,7,7,7,8,8,12,12,12,12,12,12,12,12,12,12,12,12,12,13,13,14,14,14,15,15,16,16,16
,Samoa,0,0,0,0,0,0,0,0,0,0,0,0,0,0,0,0,0,0,0,0,0,0,0,0,0,0,0,0,0,0,0
,San Marino,236,245,245,259,266,266,279,279,333,344,356,356,356,371,372,426,435,455,461,462,476,488,501,513,513,538,538,553,563,569,580
,Sao Tome and Principe,0,0,0,0,0,4,4,4,4,4,4,4,4,4,4,4,4,4,4,4,4,4,4,4,4,4,4,8,8,14,16
,Saudi Arabia,1720,1885,2039,2179,2402,2605,2795,2932,3287,3651,4033,4462,4934,5369,5862,6380,7142,8274,9362,10484,11631,12772,13930,15102,16299,17522,18811,20077,21402,22753,24097
,Senegal,190,195,207,219,222,226,237,244,250,265,278,280,291,299,314,335,342,350,367,377,412,442,479,545,614,671,736,823,882,933,1024
,Serbia,1060,1171,1476,1624,1908,2200,2447,2666,2867,3105,3380,3630,4054,4465,4873,5318,5690,5994,6318,6630,6890,7144,7276,7483,7779,8042,8275,8497,8724,9009,9009
,Seychelles,10,10,10,10,10,11,11,11,11,11,11,11,11,11,11,11,11,11,11,11,11,11,11,11,11,11,11,11,11,11,11
,Sierra Leone,2,2,2,4,6,6,6,7,7,8,8,10,10,11,13,15,26,30,35,43,50,61,64,82,82,93,93,104,104,124,136
,Singapore,1000,1049,1114,1189,1309,1375,1481,1623,1910,2108,2299,2532,2918,3252,3699,4427,5050,5992,6588,8014,9125,10141,11178,12075,12693,13624,14423,14951,15641,16169,17101
,Slovakia,400,426,450,471,485,534,581,682,701,715,728,742,769,835,863,977,1049,1089,1161,1173,1199,1244,1325,1360,1373,1379,1381,1384,1391,1396,1403
,Slovenia,841,897,934,977,997,1021,1059,1091,1124,1160,1188,1205,1212,1220,1248,1268,1304,1317,1330,1335,1344,1353,1366,1373,1388,1396,1402,1408,1418,1429,1434
,Solomon Islands,0,0,0,0,0,0,0,0,0,0,0,0,0,0,0,0,0,0,0,0,0,0,0,0,0,0,0,0,0,0,0
,Somalia,5,5,7,7,7,7,8,12,12,21,21,25,60,60,80,80,116,135,164,237,286,286,328,328,390,436,480,528,582,601,601
,South Africa,1380,1462,1505,1585,1655,1686,1749,1845,1934,2003,2028,2173,2272,2415,2506,2605,2783,3034,3158,3300,3465,3635,3953,4220,4361,4546,4793,4996,5350,5647,5951
,South Sudan,0,0,0,0,1,1,2,2,3,4,4,4,4,4,4,4,4,4,4,4,4,4,5,5,5,6,6,34,34,35,45
,Spain,104118,112065,119199,126168,131646,136675,141942,148220,153222,158273,163027,166831,170099,172541,177644,184948,190839,191726,198674,200210,204178,208389,213024,202990,205905,207634,209465,210773,212917,213435,215216
,Sri Lanka,146,151,159,166,176,178,185,189,190,190,198,210,217,233,238,238,244,254,271,304,310,330,368,420,460,523,588,619,649,663,690
,Sudan,7,7,10,10,12,12,14,14,14,15,19,19,19,29,32,32,32,66,66,92,107,140,162,174,213,237,275,318,375,375,442
,Suriname,10,10,10,10,10,10,10,10,10,10,10,10,10,10,10,10,10,10,10,10,10,10,10,10,10,10,10,10,10,10,10
,Sweden,5320,5874,6475,6832,7172,7561,8299,8954,9599,10053,10448,10912,11349,11828,12432,13055,13743,14275,14663,15124,15831,16553,17311,18090,18563,18863,19426,20168,20966,21601,22133
,Switzerland,17768,18827,19606,20505,21100,21657,22253,23280,24051,24551,25107,25415,25688,25936,26336,26732,27078,27404,27740,27944,28063,28268,28496,28677,28894,29061,29164,29264,29407,29586,29705
,Syria,10,16,16,16,19,19,19,19,19,19,25,25,25,29,33,33,38,38,39,39,42,42,42,42,42,43,43,43,43,43,44
,Taiwan*,329,339,348,355,363,373,376,379,380,382,385,388,393,393,395,395,395,398,420,422,425,426,427,428,429,429,429,429,429,429,429
,Tajikistan,0,0,0,0,0,0,0,0,0,0,0,0,0,0,0,0,0,0,0,0,0,0,0,0,0,0,0,0,0,15,15
,Tanzania,20,20,20,20,22,24,24,25,25,32,32,32,49,53,88,94,147,147,170,254,254,284,284,299,299,299,299,299,480,480,480
,Thailand,1771,1875,1978,2067,2169,2220,2258,2369,2423,2473,2518,2551,2579,2613,2643,2672,2700,2733,2765,2792,2811,2826,2839,2854,2907,2922,2931,2938,2947,2954,2960
,Timor-Leste,1,1,1,1,1,1,1,1,1,2,2,2,4,6,8,18,18,18,19,22,23,23,23,24,24,24,24,24,24,24,24
,Togo,36,39,40,41,44,58,65,70,73,76,76,76,77,77,81,81,83,84,84,84,86,88,88,90,96,98,98,99,109,116,123
,Trinidad and Tobago,90,94,98,103,104,105,107,107,109,109,112,113,113,113,114,114,114,114,114,114,115,115,115,115,115,115,116,116,116,116,116
,Tunisia,423,455,495,553,574,596,623,628,643,671,685,707,726,747,780,822,864,864,879,884,884,909,918,922,939,949,967,975,980,994,998
,Turkey,15679,18135,20921,23934,27069,30217,34109,38226,42282,47029,52167,56956,61049,65111,69392,74193,78546,82329,86306,90980,95591,98674,101790,104912,107773,110130,112261,114653,117589,120204,122392
,US,224560,256792,289087,321477,351354,382747,413516,444731,480667,515081,544183,571440,598380,627205,652611,682626,715656,743588,769684,799512,825429,854288,887858,920185,950581,977082,1000785,1025362,1051800,1081020,1115946
,Uganda,44,45,48,48,52,52,52,53,53,53,53,54,54,55,55,55,56,55,55,56,61,63,74,75,75,79,79,79,81,83,85
,Ukraine,794,897,1072,1225,1308,1319,1462,1668,1892,2203,2511,2777,3102,3372,3764,4161,4662,5106,5449,5710,6125,6592,7170,7647,8125,8617,9009,9410,9866,10406,10861
,United Arab Emirates,814,1024,1264,1505,1799,2076,2359,2659,2990,3360,3736,4123,4521,4933,5365,5825,6302,6302,6781,7265,7755,8238,8756,9281,9813,10349,10839,11380,11929,12481,13038
Anguilla,United Kingdom,2,3,3,3,3,3,3,3,3,3,3,3,3,3,3,3,3,3,3,3,3,3,3,3,3,3,3,3,3,3,3
Bermuda,United Kingdom,32,35,35,35,37,39,39,39,48,48,48,57,57,57,81,81,83,83,86,86,86,99,99,99,109,109,110,110,111,114,114
British Virgin Islands,United Kingdom,3,3,3,3,3,3,3,3,3,3,3,3,3,3,3,3,4,4,4,5,5,5,5,5,6,6,6,6,6,6,6
Cayman Islands,United Kingdom,22,28,28,35,35,39,45,45,45,45,45,53,53,54,54,60,61,61,61,66,66,66,66,70,70,70,70,70,73,73,74
Channel Islands,United Kingdom,172,193,232,262,309,323,335,351,361,398,407,431,436,440,447,457,470,484,488,488,496,498,521,523,525,525,525,530,537,537,538
Falkland Islands (Malvinas),United Kingdom,0,0,0,1,2,2,2,5,5,5,5,5,5,11,11,11,11,11,11,11,11,11,12,13,13,13,13,13,13,13,13
Gibraltar,United Kingdom,81,88,95,98,103,109,113,120,123,127,129,129,129,129,131,131,132,132,132,132,132,132,133,133,136,141,141,141,141,144,144
Isle of Man,United Kingdom,68,95,114,126,127,139,150,158,190,201,226,228,242,254,256,284,291,297,298,300,307,307,307,308,308,308,308,309,313,315,316
Montserrat,United Kingdom,5,5,6,6,6,6,9,9,9,9,9,9,11,11,11,11,11,11,11,11,11,11,11,11,11,11,11,11,11,11,11
"Saint Helena, Ascension and Tristan da Cunha",United Kingdom,0,0,0,0,0,0,0,0,0,0,0,0,0,0,0,0,0,0,0,0,0,0,0,0,0,0,0,0,0,0,0
Turks and Caicos Islands,United Kingdom,6,5,5,5,5,8,8,8,8,8,8,9,10,10,10,11,11,11,11,11,11,11,11,11,11,11,12,12,12,12,12
,United Kingdom,43398,48263,53178,57198,60792,66067,71517,76646,81498,85813,89390,92885,97068,101393,106458,111756,116721,121437,125289,130147,134907,140397,145540,150513,154261,157729,162431,167152,172587,177543,182270
,Uruguay,350,369,386,400,406,415,424,456,473,494,501,480,483,492,493,502,508,517,528,535,543,549,557,563,596,606,620,625,630,643,648
,Uzbekistan,181,205,227,266,342,457,520,545,582,624,767,865,998,1165,1302,1349,1405,1490,1565,1627,1678,1716,1758,1804,1862,1869,1904,1939,2002,2039,2086
,Vanuatu,0,0,0,0,0,0,0,0,0,0,0,0,0,0,0,0,0,0,0,0,0,0,0,0,0,0,0,0,0,0,0
,Venezuela,143,146,153,155,159,165,165,167,171,171,175,181,189,189,197,204,204,227,256,256,285,288,311,318,323,325,329,329,331,333,335
,Vietnam,218,233,237,240,241,245,249,251,255,257,258,262,265,266,267,268,268,268,268,268,268,268,268,270,270,270,270,270,270,270,270
,West Bank and Gaza,134,161,194,217,237,254,261,263,263,267,268,271,273,284,291,294,307,313,319,329,329,335,336,340,342,342,342,343,344,344,353
,Yemen,0,0,0,0,0,0,0,0,0,1,1,1,1,1,1,1,1,1,1,1,1,1,1,1,1,1,1,1,6,6,7
,Zambia,36,39,39,39,39,39,39,39,39,40,40,43,45,45,48,48,52,57,61,65,70,74,76,84,84,88,88,95,97,106,109
,Zimbabwe,8,9,9,9,9,10,11,11,11,13,14,14,17,17,23,23,24,25,25,25,28,28,28,29,31,31,32,32,32,40,40
